id,vorname,name,wohnort,geburtsdatum,sternzeichen,zivilstand,groesse,gewicht,hobbys,erlernter_beruf,jetziger_beruf,besonderes,bild_url,tv,knt_gau,kranz_all,kranz_eid,kranz_tv,kranz_berg,kranz_knt_gau,kranz_2025,link_pdf
4,Matthias,Aeschbacher,Rüegsauschachen,,,,,,,,,,https://esv.ch/pics/schwinger/large/_ALO7502.jpg,BKSV,Emmental,97,2,19,24,52,2,https://esv.ch/schwingerportraets/Aeschbacher_Matthias_Rueegsauschachen.pdf
5,Nick,Alpiger,Seon,,,,,,,,,,https://esv.ch/pics/schwinger/large/Alpiger_Nick_AG__KOE2880.JPG,NWSV,Aargau,68,2,14,15,37,3,https://esv.ch/schwingerportraets/Alpiger_Nick_Seon.pdf
6,Joel,Ambühl,Hergiswil b. Willisau,,,,,,,,,,https://esv.ch/pics/schwinger/large/ISV_Ambuehl_Joel_620067.jpg,ISV,Luzern,32,1,5,4,22,3,https://esv.ch/schwingerportraets/Ambuehl_Joel_Hergiswil_b_Willisau.pdf
7,Jonas,Amrhyn,Ruswil,,,,,,,,,,,ISV,Luzern,3,0,0,0,3,1,https://esv.ch/schwingerportraets/Amrhyn_Jonas_Ruswil.pdf
8,Silvan,Appert,Ingenbohl,,,,,,,,,,,ISV,Schwyz,7,0,0,0,7,2,https://esv.ch/schwingerportraets/Appert_Silvan_Ingenbohl.pdf
9,Fabian,Aregger,Hergiswil b. Willisau,,,,,,,,,,,ISV,Luzern,1,0,0,0,1,1,https://esv.ch/schwingerportraets/Aregger_Fabian_Hergiswil_b_Willisau.pdf
10,Fabian,Arnold,Altdorf UR,,,,,,,,,,https://esv.ch/pics/schwinger/large/ISV_Arnold_Fabian_620323.jpg,ISV,Uri,6,0,0,0,6,1,https://esv.ch/schwingerportraets/Arnold_Fabian_Schattdorf2.pdf
11,Janos,Bachmann,Wildberg,,,,,,,,,,,NOSV,Zürich,4,0,0,0,4,1,https://esv.ch/schwingerportraets/Bachmann_Janos_Wildberg.pdf
12,Christoph,Baeriswyl,St. Antoni,,,,,,,,,,,SWSV,Fribourgeoise,10,0,2,0,8,1,https://esv.ch/schwingerportraets/Baeriswyl_Christoph_St_Antoni.pdf
13,Sandro,Balimann,Finsterhennen,,,,,,,,,,https://esv.ch/pics/schwinger/large/SWSV_Balimann_Sandro_080671.jpg,SWSV,Fribourgeoise,7,0,0,0,7,1,https://esv.ch/schwingerportraets/Balimann_Sandro_Finsterhennen.pdf
14,François,Barras,Oey,,,,,,,,,,,BKSV,Oberland,3,0,1,0,2,1,https://esv.ch/schwingerportraets/Barras_Francois_Oey2.pdf
15,Fabian,Bärtsch,Flumserberg Tannenboden,,,,,,,,,,https://esv.ch/pics/schwinger/large/240824-09-26-31_DSC_4404.jpg,NOSV,St. Gallen,10,0,1,0,9,2,https://esv.ch/schwingerportraets/Baertsch_Fabian_Flumserberg_Tannenboden.pdf
16,Peter,Beer,Horboden,,,,,,,,,,https://esv.ch/pics/schwinger/large/_ALO7583.jpg,BKSV,Oberland,9,0,0,0,9,1,https://esv.ch/schwingerportraets/Beer_Peter_Oey.pdf
17,Sascha,Berger,La Ferrière,,,,,,,,,,,SWSV,Neuchâteloise,1,0,0,0,1,1,https://esv.ch/schwingerportraets/Berger_Sascha_La_Ferrière.pdf
18,Marco,Bernhard,Urtenen-Schönbühl,,,,,,,,,,https://esv.ch/pics/schwinger/large/Baeri.jpg,BKSV,Mittelland,1,0,0,0,1,1,https://esv.ch/schwingerportraets/Bernhard_Marco_Urtenen-Schoenbuehl_BE.pdf
19,Christian,Bernold,Flums,,,,,,,,,,https://esv.ch/pics/schwinger/large/LOWRES_Bernold_Christian_CG19-04-20_DSF4964SS.jpg,NOSV,St. Gallen,22,0,2,0,20,2,https://esv.ch/schwingerportraets/Bernold_Christian_Walenstadt.pdf
20,Marcel,Betschart,Arth,,,,,,,,,,,ISV,Zug,6,0,0,0,6,1,https://arls.esv.ch/schwingerportraets/Betschart_Marcel_Oberarth.pdf
21,Patrick,Betschart,Immensee,,,,,,,,,,https://esv.ch/pics/schwinger/large/ISV_Betschart_Patrick_619248.jpg,ISV,Schwyz,16,0,1,0,15,2,https://esv.ch/schwingerportraets/Betschart_Patrick_Immensee.pdf
22,Christian,Biäsch,Davos Sertig,,,,,,,,,,https://esv.ch/pics/schwinger/large/240824-09-29-56_DSC_4417.jpg,NOSV,Graubünden,21,0,1,0,20,2,https://esv.ch/schwingerportraets/Biaesch_Christian_Davos_Sertig.pdf
23,Marcel,Bieri,Edlibach,,,,,,,,,,https://esv.ch/pics/schwinger/large/ISV_Bieri_Marcel_8448798.jpg,ISV,Zug,45,1,9,10,25,2,https://esv.ch/schwingerportraets/Bieri_Marcel_Edlibach.pdf
24,Fabian,Birchler,Trachslau,,,,,,,,,,,ISV,Schwyz,3,0,0,0,3,1,https://esv.ch/schwingerportraets/Birchler_Fabian_Trachslau_SZ.pdf
25,Luc,Bissig,Baldegg,,,,,,,,,,,ISV,Luzern,1,0,0,0,1,1,https://esv.ch/schwingerportraets/Bissig_Luc_Baldegg.pdf
26,Lukas,Bissig,Attinghausen,,,,,,,,,,,ISV,Uri,23,0,3,6,14,2,https://esv.ch/schwingerportraets/Bissig_Lukas_Attinghausen.pdf
27,Ueli,Bleiker,Ulisbach,,,,,,,,,,,NOSV,St. Gallen,4,0,0,0,4,1,https://esv.ch/schwingerportraets/Bleiker_Ueli_Ulisbach.pdf
28,Mario,Bösch,Waldstatt,,,,,,,,,,,NOSV,Appenzell,2,0,0,0,2,1,https://esv.ch/schwingerportraets/Boesch_Mario_Waldstatt.pdf
29,Fredi,Bruhin,Siebnen,,,,,,,,,,,ISV,Schwyz,2,0,0,0,2,2,https://esv.ch/schwingerportraets/Bruhin_Fredi_Siebnen.pdf
30,Samuel,Brun,Perlen,,,,,,,,,,https://esv.ch/pics/schwinger/large/Brun_Samuel_BL.JPG,NWSV,Baselland,18,0,2,0,16,3,https://esv.ch/schwingerportraets/Brun_Samuel_Perlen.pdf
31,Christian,Bucher,Unterägeri,,,,,,,,,,https://esv.ch/pics/schwinger/large/ISV_Bucher_Christian_620435.jpg,ISV,Zug,20,0,4,0,16,2,https://esv.ch/schwingerportraets/Bucher_Christian_Unteraegeri.pdf
32,Roland,Bucher,Walchwil,,,,,,,,,,https://esv.ch/pics/schwinger/large/Bucher_Roland_1994.jpg,ISV,Zug,11,0,0,0,11,2,https://esv.ch/schwingerportraets/Bucher_Roland_Finstersee.pdf
33,Roman,Bucher,Melchtal,,,,,,,,,,,ISV,Ob- und Nidwalden,2,0,0,0,2,2,https://nwsv.esv.ch/schwingerportraets/Bucher_Roman_Melchtal2.pdf
34,Dario,Bühler,Scharnachtal,,,,,,,,,,,BKSV,Oberland,5,0,0,0,5,2,https://esv.ch/schwingerportraets/Buehler_Dario_Scharnachtal.pdf
35,Kilian,Bühler,Ohmstal,,,,,,,,,,,ISV,Luzern,8,0,0,0,8,1,https://esv.ch/schwingerportraets/Buehler_Kilian_Grosswangen.pdf
36,Jonas,Burch,Stalden (Sarnen),,,,,,,,,,https://esv.ch/pics/schwinger/large/ISV_Burch_Jonas_620263.jpg,ISV,Ob- und Nidwalden,25,1,2,3,19,3,https://esv.ch/schwingerportraets/Burch_Jonas_Stalden_Sarnen2.pdf
37,Etienne,Burger,Les Prés-d'Orvin,,,,,,,,,,https://esv.ch/pics/schwinger/large/_ALO8090.jpg,BKSV,Seeland,8,0,0,2,6,1,https://esv.ch/schwingerportraets/Burger_Etienne_Les_Pres-dOrvin.pdf
38,Reto,Bürgi,Kerns,,,,,,,,,,,ISV,Ob- und Nidwalden,6,0,0,0,6,1,https://esv.ch/schwingerportraets/Buergi_Reto_Giswil.pdf
39,Roger,Bürli,Hüswil,,,,,,,,,,https://zksv.esv.ch/pics/schwinger/large/ISV_Buerli_Roger_619940.jpg,ISV,Luzern,15,0,2,0,13,2,https://zksv.esv.ch/schwingerportraets/Buerli_Roger_Ruswil.pdf
40,Victor,Cardinaux,Froideville,,,,,,,,,,https://esv.ch/pics/schwinger/large/Cardinaux_Victor_Entrainement_Cottens.jpg,SWSV,Vaudoise,15,0,4,0,11,1,https://esv.ch/schwingerportraets/Cardinaux_Victor_Villars-le-Terroir.pdf
41,Fabio,Castelli,Andeer,,,,,,,,,,,NOSV,Graubünden,2,0,0,0,2,1,https://esv.ch/schwingerportraets/Castelli_Fabio_Andeer.pdf
42,Jérôme,Christen,Ermatingen,,,,,,,,,,https://esv.ch/pics/schwinger/large/180722-11-06-09_DSC_5811__Tschirtschen_22_Juli_18_Schwingen_-_NOSV_ENST_Zusammenzug_Christen_Jerome_Jg_02_-_Illighausen_Lorenz_Reifler.jpg,NOSV,Thurgau,1,0,0,0,1,1,https://esv.ch/schwingerportraets/Christen_Jerome_Scherzingen.pdf
43,Aurélien,Clément,Ependes FR,,,,,,,,,,,SWSV,Fribourgeoise,2,0,0,0,2,2,https://esv.ch/schwingerportraets/Clément_Aurélien_Ependes_FR.pdf
44,Romain,Collaud,Vallon,,,,,,,,,,https://esv.ch/pics/schwinger/large/SWSV_Collaud_Romain_080713.jpg,SWSV,Fribourgeoise,24,1,4,1,18,2,https://esv.ch/schwingerportraets/Collaud_Romain_Vallon.pdf
45,Lukas,Dällenbach,Säriswil,,,,,,,,,,,BKSV,Mittelland,1,0,0,0,1,1,https://esv.ch/schwingerportraets/Daellenbach_Lukas_Saeriswil.pdf
46,Shane,Dändliker,Wolfhausen,,,,,,,,,,https://esv.ch/pics/schwinger/large/LOWRES_Daendliker_Shane_CG19-04-20CG19-04-20_DSF4835S.jpg,NOSV,Zürich,28,0,3,4,21,2,https://esv.ch/schwingerportraets/Daendliker_Shane_Feldbach_ZH.pdf
47,Andreas,Döbeli,Sarmenstorf,,,,,,,,,,https://esv.ch/pics/schwinger/large/Doebeli_Andreas_82A0602.jpg,NWSV,Aargau,36,1,6,3,26,4,https://esv.ch/schwingerportraets/Doebeli_Andreas_Sarmenstorf.pdf
48,Urs,Doppmann,Romoos,,,,,,,,,,https://esv.ch/pics/schwinger/large/ISV_Doppmann_Urs_619726.jpg,ISV,Luzern,23,0,6,3,14,2,https://esv.ch/schwingerportraets/Doppmann_Urs_Romoos.pdf
49,Etienne,Ducrest,Bouloz,,,,,,,,,,https://esv.ch/pics/schwinger/large/SWSV_Ducrest_Etienne_080623.jpg,SWSV,Fribourgeoise,6,0,0,0,6,1,https://esv.ch/schwingerportraets/Ducrest_Etienne_Bouloz.pdf
50,Antoine,Ducry,Marly,,,,,,,,,,https://esv.ch/pics/schwinger/large/SWSV_Ducry_Antoine_080522.jpg,SWSV,Fribourgeoise,7,0,1,0,6,1,https://esv.ch/schwingerportraets/Ducry_Antoine_Marly.pdf
51,Tobias,Dünner,Sulz AG,,,,,,,,,,,NWSV,Aargau,3,0,0,0,3,1,https://esv.ch/schwingerportraets/Duenner_Tobias_Sulz_AG.pdf
52,Steve,Duplan,Ollon VD,,,,,,,,,,https://esv.ch/pics/schwinger/large/SWSV_Duplan_Steve_080328.jpg,SWSV,Vaudoise,29,1,5,0,23,1,https://esv.ch/schwingerportraets/Duplan_Steve_Ollon_VD.pdf
53,Fabian,Durrer,Edlibach,,,,,,,,,,,ISV,Zug,4,0,0,0,4,1,https://esv.ch/schwingerportraets/Durrer_Fabian_Edlibach.pdf
54,Nando,Durrer,Alpnachstad,,,,,,,,,,https://esv.ch/pics/schwinger/large/ISV_Durrer_Nando_620271.jpg,ISV,Ob- und Nidwalden,17,0,2,0,15,2,https://esv.ch/schwingerportraets/Durrer_Nando_Alpnach_Dorf.pdf
55,Marco,Eggimann,Kernenried,,,,,,,,,,,BKSV,Oberaargau,2,0,0,0,2,1,https://esv.ch/schwingerportraets/Eggimann_Marco_Kernenried_BE.pdf
56,Adrian,Egli,Steinhuserberg,,,,,,,,,,,ISV,Luzern,3,0,0,0,3,1,https://esv.ch/schwingerportraets/Egli_Adrian_Steinhuserberg.pdf
57,Damian,Egli,Steinhuserberg,,,,,,,,,,https://esv.ch/pics/schwinger/large/ISV_Egli_Damian_619749.jpg,ISV,Luzern,22,0,6,0,16,1,https://esv.ch/schwingerportraets/Egli_Damian_Steinhuserberg.pdf
58,Adrian,Elsener,Zug,,,,,,,,,,,ISV,Zug,9,0,1,0,8,1,https://esv.ch/schwingerportraets/zurueckgetretene_schwinger/Elsener_Adrian_Menzingen.pdf
59,Elias,Epp,Attinghausen,,,,,,,,,,,ISV,Uri,1,0,0,0,1,1,https://esv.ch/schwingerportraets/Epp_Elias_Attinghausen.pdf
60,Stefan,Ettlin,Kerns,,,,,,,,,,,ISV,Ob- und Nidwalden,23,0,4,1,18,3,https://esv.ch/schwingerportraets/Ettlin_Stefan_Kerns.pdf
61,Flurin,Eymann,Schwarzenbach (Huttwil),,,,,,,,,,https://esv.ch/pics/schwinger/large/Eymann_Flurin.jpg,NWSV,Aargau,1,0,0,0,1,1,https://esv.ch/schwingerportraets/Geissbuehler_Flurin_Schwarzenbach_Huttwil.pdf
62,Marco,Fankhauser,Schüpfheim,,,,,,,,,,https://esv.ch/pics/schwinger/large/ISV_Fankhauser_Marco_619177.jpg,ISV,Luzern,35,0,4,8,23,2,https://esv.ch/schwingerportraets/Fankhauser_Marco_Hasle_LU.pdf
63,Reto,Fankhauser,Hasle LU,,,,,,,,,,https://esv.ch/pics/schwinger/large/ISV_Fankhauser_Reto_619186.jpg,ISV,Luzern,25,0,7,2,16,2,https://esv.ch/schwingerportraets/Fankhauser_Reto_Hasle_LU.pdf
64,Kjetil,Fausch,Weite,,,,,,,,,,https://esv.ch/pics/schwinger/large/240824-09-29-05_DSC_4416.jpg,NOSV,St. Gallen,12,0,0,0,12,1,https://esv.ch/schwingerportraets/Fausch_Kjetil_Weite.pdf
65,Ivan,Felder,Ennetmoos,,,,,,,,,,,ISV,Ob- und Nidwalden,1,0,0,0,1,1,https://esv.ch/schwingerportraets/Felder_Ivan_Ennetmoos.pdf
66,Martin,Felder,Ebnet,,,,,,,,,,https://esv.ch/pics/schwinger/large/ISV_Felder_Martin_619759.jpg,ISV,Luzern,7,0,1,0,6,1,https://esv.ch/schwingerportraets/Felder_Martin_Ebnet.pdf
67,Patrik,Feldmann,Riedern,,,,,,,,,,https://esv.ch/pics/schwinger/large/240824-09-35-04_DSC_4424.jpg,NOSV,Glarus,4,0,0,0,4,1,https://esv.ch/schwingerportraets/Feldmann_Patrick_Riedern.pdf
68,Marco,Flütsch,Ascharina,,,,,,,,,,,NOSV,Graubünden,1,0,0,0,1,1,https://esv.ch/documents/ranglisten/zs3/2025-04-13_Buendner_Fruehjahrsschwingen-RL.pdf
69,Franco,Föhn,Sattel,,,,,,,,,,,ISV,Schwyz,1,0,0,0,1,1,https://esv.ch/schwingerportraets/Foehn_Franco_Sattel.pdf
70,Marius,Frank,Luterbach,,,,,,,,,,https://esv.ch/pics/schwinger/large/Marius_Frank_NWSV_SO.jpg,NWSV,Solothurn,13,0,2,0,11,3,https://esv.ch/schwingerportraets/Frank_Marius_Luterbach.pdf
71,Nicola,Funk,Gibswil,,,,,,,,,,https://esv.ch/pics/schwinger/large/220813-12-13-33_DSC_7907.jpg,NOSV,Zürich,10,0,0,0,10,2,https://esv.ch/schwingerportraets/Funk_Nicola_Hinwil.pdf
72,Arjuna,Fuster,Bubikon,,,,,,,,,,https://esv.ch/pics/schwinger/large/240824-09-20-49_DSC_4383.jpg,NOSV,Zürich,4,0,0,0,4,1,https://esv.ch/schwingerportraets/Fuster_Arjuna_Bubikon.pdf
73,Benjamin,Gapany,Marsens,,,,,,,,,,https://esv.ch/pics/schwinger/large/Gapany_Benjamin_Entrainement_Cottens.jpg,SWSV,Fribourgeoise,55,1,15,8,31,1,https://esv.ch/schwingerportraets/Gapany_Benjamin_Hauteville.pdf
74,Dominik,Gasser,Süderen,,,,,,,,,,https://esv.ch/pics/schwinger/large/_ALO7399.jpg,BKSV,Emmental,21,1,1,2,17,1,https://esv.ch/schwingerportraets/Gasser_Dominik_Suederen.pdf
75,Andrj,Gerber,Rothenfluh,,,,,,,,,,https://esv.ch/pics/schwinger/large/Geber_Andrj_BL_Ersatz.JPG,NWSV,Baselland,5,0,0,0,5,1,https://esv.ch/schwingerportraets/Gerber_Andrj_Rothenfluh.pdf
76,Samuel,Giger,Märstetten,,,,,,,,,,https://esv.ch/pics/schwinger/large/240824-09-17-59_DSC_4374.jpg,NOSV,Thurgau,67,3,13,20,31,2,https://esv.ch/schwingerportraets/Giger_Samuel_Ottoberg.pdf
77,Timo,Gisler,Rumisberg,,,,,,,,,,,NWSV,Solothurn,1,0,0,0,1,1,https://esv.ch/schwingerportraets/Gisler_Timo_Rumisberg.pdf
78,Jonas,Glutz,Derendingen,,,,,,,,,,https://esv.ch/pics/schwinger/large/Glutz_Jonas.JPG,NWSV,Solothurn,3,0,0,0,3,2,https://esv.ch/schwingerportraets/Glutz_Jonas_Derendingen.pdf
79,Pirmin,Gmür,Amden,,,,,,,,,,https://esv.ch/pics/schwinger/large/240824-09-38-45_DSC_4439.jpg,NOSV,St. Gallen,20,0,3,0,17,1,https://esv.ch/schwingerportraets/Gmuer_Pirmin_Amden.pdf
80,Florian,Gnägi,Aarberg,,,,,,,,,,https://esv.ch/pics/schwinger/large/_ALO7822.jpg,BKSV,Seeland,115,2,20,26,67,1,https://esv.ch/schwingerportraets/Gnaegi_Florian_Aarberg.pdf
81,Patrick,Gobeli,Oey,,,,,,,,,,https://esv.ch/pics/schwinger/large/_ALO7413.jpg,BKSV,Oberland,40,1,6,8,25,2,https://esv.ch/schwingerportraets/Gobeli_Patrick_Oey.pdf
82,Marco,Good,Sargans,,,,,,,,,,https://esv.ch/pics/schwinger/large/240824-09-26-54_DSC_4405.jpg,NOSV,St. Gallen,24,1,2,0,21,2,https://esv.ch/schwingerportraets/Good_Marco_Sargans.pdf
83,Luc,Gottofrey,Assens,,,,,,,,,,https://esv.ch/pics/schwinger/large/SWSV_Gottofrey_Luc_080269.jpg,SWSV,Vaudoise,8,0,0,0,8,1,https://esv.ch/schwingerportraets/Gottofrey_Luc_Assens.pdf
84,Marc,Gottofrey,Echallens,,,,,,,,,,https://esv.ch/pics/schwinger/large/SWSV_Gottofrey_Marc_080912.jpg,SWSV,Vaudoise,43,0,6,2,35,2,https://esv.ch/schwingerportraets/Gottofrey_Marc_Echallens.pdf
85,Florian,Grab,Rothenthurm,,,,,,,,,,,ISV,Schwyz,5,0,0,0,5,1,https://esv.ch/schwingerportraets/Grab_Florian_Rothenthurm.pdf
86,Colin,Graber,Schafisheim,,,,,,,,,,https://esv.ch/pics/schwinger/large/Graber_Colin.JPG,NWSV,Aargau,1,0,0,0,1,1,https://esv.ch/schwingerportraets/Graber_Colin_Schafisheim.pdf
87,Enea,Grob,Boningen,,,,,,,,,,https://esv.ch/pics/schwinger/large/Grob_Enea.JPG,NWSV,Aargau,2,0,0,0,2,2,https://esv.ch/schwingerportraets/Grob_Enea_Boningen.pdf
88,John,Grossen,Frutigen,,,,,,,,,,https://esv.ch/pics/schwinger/large/_ALO7625.jpg,BKSV,Oberland,9,0,0,0,9,1,https://esv.ch/schwingerportraets/Grossen_John_Frutigen.pdf
89,Pascal,Heierli,Horgen,,,,,,,,,,https://esv.ch/pics/schwinger/large/220813-12-08-40_DSC_7864.jpg,NOSV,St. Gallen,8,0,1,0,7,2,https://esv.ch/schwingerportraets/Heierli_Pascal_Ebnat-Kappel.pdf
90,Marco,Heiniger,Menznau,,,,,,,,,,https://esv.ch/pics/schwinger/large/ISV_Heiniger_Marco_620113.jpg,ISV,Luzern,21,0,2,2,17,2,https://esv.ch/schwingerportraets/Heiniger_Marco_Willisau.pdf
91,Lukas,Heinzer,Goldau,,,,,,,,,,,ISV,Schwyz,7,0,1,0,6,2,https://esv.ch/schwingerportraets/Heinzer_Lukas_Goldau.pdf
92,Ronny,Heinzer,Rickenbach,,,,,,,,,,,ISV,Schwyz,9,0,0,0,9,1,https://esv.ch/schwingerportraets/Heinzer_Ronny_Rickenbach_b_Schwyz_SZ.pdf
93,Oliver,Hermann,Erlinsbach,,,,,,,,,,https://esv.ch/pics/schwinger/large/Hermann-Oliver_0073_V1_HR.jpg,NWSV,Aargau,27,0,6,2,19,3,https://esv.ch/schwingerportraets/Hermann_Oliver_Erlinsbach.pdf
94,Dominik,Hess,Engelberg,,,,,,,,,,https://esv.ch/pics/schwinger/large/ISV_Hess_Dominik_620129.jpg,ISV,Ob- und Nidwalden,6,0,0,0,6,1,https://esv.ch/schwingerportraets/Hess_Dominik_Engelberg.pdf
95,Melchior,Huber,Hasliberg Reuti,,,,,,,,,,,BKSV,Oberland,3,0,0,0,3,1,https://esv.ch/schwingerportraets/Huber_Melchior_Hasliberg_Reuti.pdf
96,Kaj,Hügli,Attelwil,,,,,,,,,,https://esv.ch/pics/schwinger/large/Huegli_Kaj_AG_KOE2870.JPG,NWSV,Aargau,24,0,3,1,20,1,https://esv.ch/schwingerportraets/Huegli_Kaj_Attelwil.pdf
97,Tobias,Hurschler,Engelberg,,,,,,,,,,,ISV,Ob- und Nidwalden,2,0,0,0,2,1,https://esv.ch/schwingerportraets/Hurschler_Tobias_Engelberg.pdf
98,David,Imfeld,Lungern,,,,,,,,,,,ISV,Ob- und Nidwalden,1,0,0,0,1,1,https://esv.ch/schwingerportraets/Imfeld_David_Lungern.pdf
99,Laurin,Imfeld,Lungern,,,,,,,,,,,ISV,Ob- und Nidwalden,1,0,0,0,1,1,https://esv.ch/schwingerportraets/Imfeld_Laurin_Lungern.pdf
100,Marco,Iseli,Reutigen,,,,,,,,,,https://zksv.esv.ch/pics/schwinger/large/_ALO7531.jpg,BKSV,Oberland,9,0,2,0,7,1,https://zksv.esv.ch/schwingerportraets/Iseli_Marco_Zwieselberg.pdf
101,Pascal,Joho,Sarmenstorf,,,,,,,,,,https://esv.ch/pics/schwinger/large/Joho_Pascal_AG_KOE2861.JPG,NWSV,Aargau,5,0,1,0,4,1,https://esv.ch/schwingerportraets/Joho_Pascal_Sarmenstorf.pdf
102,Philip,Joho,Sarmenstorf,,,,,,,,,,https://esv.ch/pics/schwinger/large/Joho_Philip_AG_KOE2872.JPG,NWSV,Aargau,3,0,0,0,3,1,https://esv.ch/schwingerportraets/Joho_Philip_Sarmenstorf.pdf
103,Remo,Käser,Alchenstorf,,,,,,,,,,https://arls.esv.ch/pics/schwinger/large/_ALO7780.jpg,BKSV,Oberaargau,54,1,9,9,35,2,https://arls.esv.ch/schwingerportraets/Kaeser_Remo_Burgaeschi.pdf
104,Joel,Kessler,Siebnen,,,,,,,,,,https://esv.ch/pics/schwinger/large/ISV_Kessler_Joel_619479.jpg,ISV,Schwyz,10,0,1,0,9,2,https://esv.ch/schwingerportraets/Kessler_Joel_Siebnen.pdf
105,Aron,Kiser,Weinfelden,,,,,,,,,,https://esv.ch/pics/schwinger/large/180722-11-06-48_DSC_5817__Tschirtschen_22_Juli_18_Schwingen_-_NOSV_ENST_Zusammenzug_Kiser_Aron_Jg_01_-_Maerstetten_Lorenz_Reifler.jpg,NOSV,Thurgau,3,0,0,0,3,1,https://esv.ch/schwingerportraets/Kieser_Aron_Maerstetten.pdf
106,Adrian,Klossner,Horboden,,,,,,,,,,https://esv.ch/pics/schwinger/large/_ALO7678.jpg,BKSV,Oberland,16,0,0,1,15,1,https://esv.ch/schwingerportraets/Klossner_Adrian_Horboden.pdf
107,Janosch,Kobler,Widnau,,,,,,,,,,https://esv.ch/pics/schwinger/large/230816-19-00-16_DSC_8932.jpg,NOSV,St. Gallen,7,0,0,0,7,1,https://esv.ch/schwingerportraets/Kobler_Janosch_Oberriet_SG.pdf
108,Reto,Koch,Gonten,,,,,,,,,,https://esv.ch/pics/schwinger/large/240824-09-24-03_DSC_4394.jpg,NOSV,Appenzell,17,0,1,1,15,1,https://esv.ch/schwingerportraets/Koch_Reto_Gonten.pdf
109,Thomas,Koch,Gonten,,,,,,,,,,https://esv.ch/pics/schwinger/large/LOWRES_Koch_Thomas_CG19-04-20CG19-04-20_DSF5273S.jpg,NOSV,Appenzell,19,0,2,0,17,1,https://esv.ch/schwingerportraets/Koch_Thomas_Gonten.pdf
110,Kilian,Kolb,Affeltrangen,,,,,,,,,,,NOSV,Thurgau,4,0,0,0,4,1,https://esv.ch/schwingerportraets/Kolb_Kilian_Affeltrangen.pdf
111,Pirmin,Kolb,Tuttwil,,,,,,,,,,https://esv.ch/pics/schwinger/large/220813-12-16-31_DSC_7958.jpg,NOSV,Thurgau,4,0,0,0,4,1,https://esv.ch/schwingerportraets/Kolb_Pirmin_Affeltrangen.pdf
112,This,Kolb,Rossrüti,,,,,,,,,,https://esv.ch/pics/schwinger/large/240824-09-31-56_DSC_4421.jpg,NOSV,Thurgau,11,0,2,0,9,1,https://esv.ch/schwingerportraets/Kolb_This_Affeltrangen.pdf
113,Janik,Korrodi,Schönenberg ZH,,,,,,,,,,,NOSV,Zürich,3,0,0,0,3,1,https://esv.ch/schwingerportraets/Korrodi_Janik_Schoenenberg_ZH.pdf
114,Lario,Kramer,Galmiz,,,,,,,,,,https://esv.ch/pics/schwinger/large/SWSV_Kramer_Lario_080597.jpg,SWSV,Fribourgeoise,61,2,11,12,36,3,https://esv.ch/schwingerportraets/Kramer_Lario_Galmiz.pdf
115,Andri,Krauer,Neuenkirch,,,,,,,,,,,ISV,Luzern,2,0,0,0,2,1,https://esv.ch/schwingerportraets/Krauer_Andri_Neuenkirch.pdf
116,Elias,Kundert,Sirnach,,,,,,,,,,https://esv.ch/pics/schwinger/large/240824-09-35-26_DSC_4426.jpg,NOSV,Thurgau,7,0,1,0,6,1,https://esv.ch/schwingerportraets/Kundert_Elias_Sirnach.pdf
117,Patrick,Kurmann,Gähwil,,,,,,,,,,https://esv.ch/pics/schwinger/large/220813-12-09-14_DSC_7877.jpg,NOSV,St. Gallen,5,0,1,0,4,1,https://esv.ch/schwingerportraets/Kurmann_Patrick_Gaehwil.pdf
118,Toni,Kurmann,Hergiswil b. Willisau,,,,,,,,,,https://esv.ch/pics/schwinger/large/ISV_Kurmann_Toni_620096.jpg,ISV,Luzern,11,0,1,0,10,1,https://esv.ch/schwingerportraets/Kurmann_Toni_Hergiswil_b_Willisau.pdf
119,Thomas,Kuster,Altstätten SG,,,,,,,,,,https://esv.ch/pics/schwinger/large/240824-09-24-57_DSC_4400.jpg,NOSV,Appenzell,19,0,1,0,18,1,https://esv.ch/schwingerportraets/Kuster_Thomas_Altstaetten_SG.pdf
120,Sven,Lang,Emmenbrücke,,,,,,,,,,https://esv.ch/pics/schwinger/large/ISV_Lang_Sven_620053.jpg,ISV,Luzern,19,0,4,1,14,1,https://esv.ch/schwingerportraets/Lang_Sven_Emmenbruecke.pdf
121,Christian,Lanter,Winterthur,,,,,,,,,,,NOSV,Zürich,8,0,0,0,8,1,https://esv.ch/schwingerportraets/Lanter_Christian_Kollbrunn_ZH.pdf
122,Michael,Ledermann,Mamishaus,,,,,,,,,,https://esv.ch/pics/schwinger/large/_ALO7748.jpg,BKSV,Mittelland,34,1,3,9,21,1,https://esv.ch/schwingerportraets/Ledermann_Michael_Mamishaus.pdf
123,Samir,Leuppi,Winterthur,,,,,,,,,,https://esv.ch/pics/schwinger/large/LOWRES_Leuppi_Samir_CG19-04-20CG19-04-20_DSF4680S.jpg,NOSV,Zürich,59,1,10,8,40,3,https://esv.ch/schwingerportraets/Leuppi_Samir_Winterthur.pdf
124,Niklas,Lötscher,Untervaz,,,,,,,,,,,NOSV,Graubünden,3,0,0,0,3,1,https://esv.ch/schwingerportraets/Loetscher_Niklas_Untervaz.pdf
125,Hanspeter,Luginbühl,Aeschiried,,,,,,,,,,https://esv.ch/pics/schwinger/large/_ALO7539.jpg,BKSV,Oberland,68,0,10,6,52,1,https://esv.ch/schwingerportraets/Luginbuehl_Hanspeter_Aeschiried.pdf
126,Elias,Lüscher,Schlierbach,,,,,,,,,,,ISV,Luzern,4,0,0,0,4,1,https://esv.ch/schwingerportraets/Luescher_Elias_Schlierbach.pdf
127,Sinisha,Lüscher,Muhen,,,,,,,,,,https://esv.ch/pics/schwinger/large/Sinisha_Luescher_NWSV_SO.jpg,NWSV,Solothurn,13,0,2,0,11,3,https://esv.ch/schwingerportraets/Luescher_Sinisha_Muhen.pdf
128,Marco,Lussi,Ennetbürgen,,,,,,,,,,,ISV,Ob- und Nidwalden,9,0,0,1,8,1,https://esv.ch/schwingerportraets/Lussi_Marco_Emmetten.pdf
129,Josef,Lustenberger,Hasle LU,,,,,,,,,,,ISV,Luzern,9,0,0,0,9,1,https://esv.ch/schwingerportraets/Lustenberger_Josef_Hasle_LU.pdf
130,Marc,Lustenberger,Hasle LU,,,,,,,,,,,ISV,Luzern,23,0,4,3,16,3,https://esv.ch/schwingerportraets/Lustenberger_Marc_Hasle_LU.pdf
131,Tim,Lustenberger,Hasle LU,,,,,,,,,,,ISV,Luzern,2,0,0,0,2,1,https://esv.ch/schwingerportraets/Lustenberger_Tim_Hasle_LU.pdf
132,David,Lüthi,Bowil,,,,,,,,,,https://esv.ch/pics/schwinger/large/_ALO7992.jpg,BKSV,Mittelland,8,0,0,0,8,1,https://esv.ch/schwingerportraets/Luethi_David_Bowil.pdf
133,Mickaël,Matthey,Gingins,,,,,,,,,,,SWSV,Vaudoise,50,0,10,0,40,1,https://esv.ch/schwingerportraets/Matthey_Mickaël_Gingins.pdf
134,Lars,Mehr,Wolfenschiessen,,,,,,,,,,,ISV,Ob- und Nidwalden,2,0,0,0,2,1,https://esv.ch/schwingerportraets/Mehr_Lars_Dallenwil.pdf
135,Valentin,Mettler,Neu St.Johann,,,,,,,,,,https://esv.ch/pics/schwinger/large/LOWRES_Mettler_Valentin_CG19-04-20CG19-04-20_DSF3851S.jpg,NOSV,St. Gallen,6,0,0,0,6,1,https://esv.ch/schwingerportraets/Mettler_Valentin_Neu_StJohann.pdf
136,Ivan,Mollet,Ollon VD,,,,,,,,,,https://esv.ch/pics/schwinger/large/SWSV_Mollet_Ivan_080223.jpg,SWSV,Vaudoise,17,0,2,0,15,1,https://esv.ch/schwingerportraets/Mollet_Ivan_Ollon_VD.pdf
137,Michael,Moser,Biglen,,,,,,,,,,https://esv.ch/pics/schwinger/large/_ALO7468.jpg,BKSV,Emmental,20,0,3,5,12,2,https://esv.ch/schwingerportraets/Moser_Michael_Biglen.pdf
138,Dominik,Müller,Cham,,,,,,,,,,,ISV,/ ISVZug / Zug,1,0,0,0,1,1,https://esv.ch/documents/ranglisten/2025-05-11_101_Schwyzer_Kantonales_Schwing-_und_Aelplerfest-RL.pdf
139,Luca,Müller,Unterägeri,,,,,,,,,,,ISV,Zug,7,0,1,1,5,2,https://esv.ch/schwingerportraets/Mueller_Luca_Unteraegeri.pdf
140,Philipp,Müller,Unterägeri,,,,,,,,,,,ISV,Zug,2,0,0,0,2,1,https://esv.ch/schwingerportraets/Mueller_Philipp_Unteraegeri.pdf
141,Leandro,Nägeli,Hasliberg Reuti,,,,,,,,,,,BKSV,Oberland,10,0,0,1,9,1,https://esv.ch/schwingerportraets/Naegeli_Leandro_Hasliberg_Reuti.pdf
142,Marco,Nägeli,Mettmenstetten,,,,,,,,,,https://esv.ch/pics/schwinger/large/LOWRES_Naegeli_Marco_CG19-04-20CG19-04-20_DSF5242S.jpg,NOSV,Zürich,16,0,1,0,15,1,https://esv.ch/schwingerportraets/Naegeli_Marco_Maschwanden.pdf
143,Adrian,Odermatt,Liesberg,,,,,,,,,,https://esv.ch/pics/schwinger/large/Odermatt_Adrian_BL.JPG,NWSV,Baselland,23,1,3,3,16,2,https://esv.ch/schwingerportraets/Odermatt_Adrian_Liesberg.pdf
144,Jonas,Odermatt,Liesberg,,,,,,,,,,https://esv.ch/pics/schwinger/large/Jonas_Odermatt_Kranz_1.jpg,NWSV,Baselland,16,0,3,2,11,3,https://esv.ch/schwingerportraets/Odermatt_Jonas_Liesberg.pdf
145,Silvio,Oettli,Bussnang,,,,,,,,,,https://esv.ch/pics/schwinger/large/Oettli_Silvio_CG19-08-07_DSF3727.jpg,NOSV,Thurgau,9,0,1,0,8,1,https://esv.ch/schwingerportraets/Oettli_Silvio_Bussnang.pdf
146,Armon,Orlik,Maienfeld,,,,,,,,,,https://esv.ch/pics/schwinger/large/240824-09-25-18_DSC_4401.jpg,NOSV,Graubünden,70,3,12,17,38,2,https://esv.ch/schwingerportraets/Orlik_Armon_Maienfeld.pdf
147,Curdin,Orlik,Thun,,,,,,,,,,https://esv.ch/pics/schwinger/large/_ALO7548.jpg,BKSV,Oberland,66,2,6,14,44,2,https://esv.ch/schwingerportraets/Orlik_Curdin_Rubigen.pdf
148,Damian,Ott,Dreien,,,,,,,,,,https://esv.ch/pics/schwinger/large/240824-09-18-49_DSC_4377.jpg,NOSV,St. Gallen,33,1,7,6,19,2,https://esv.ch/schwingerportraets/Ott_Damian_Dreien.pdf
149,Loïc,Pasquier,Maules,,,,,,,,,,,SWSV,Fribourgeoise,4,0,0,0,4,2,https://esv.ch/schwingerportraets/Pasquier_Loïc_Maules.pdf
150,Leon,Pellet,Plaffeien,,,,,,,,,,,SWSV,Fribourgeoise,1,0,0,0,1,1,https://esv.ch/schwingerportraets/Pellet_Leon_Oberschrot.pdf
151,Andrin,Poltera,Urnäsch,,,,,,,,,,https://esv.ch/pics/schwinger/large/LOWRES_Poltera_Andrin_CG19-04-20CG19-04-20_DSF4339S.jpg,NOSV,Appenzell,15,0,2,0,13,2,https://esv.ch/schwingerportraets/Poltera_Andrin_Urnaesch.pdf
152,David,Pürro,Oberschrot,,,,,,,,,,,SWSV,Fribourgeoise,3,0,0,0,3,1,https://esv.ch/schwingerportraets/Puerro_David_Plaffeien.pdf
153,Patrick,Räbmatter,Uerkheim,,,,,,,,,,https://esv.ch/pics/schwinger/large/Raebmatter_Patrick_AG__KOE2883.JPG,NWSV,Aargau,65,2,12,14,37,1,https://esv.ch/schwingerportraets/Raebmatter_Patrick_Uerkheim.pdf
154,Marcel,Räbsamen,Müselbach,,,,,,,,,,https://esv.ch/pics/schwinger/large/220813-12-08-51_DSC_7867.jpg,NOSV,St. Gallen,33,1,5,5,22,4,https://esv.ch/schwingerportraets/Raebsamen_Marcel_Mueselbach.pdf
155,Fritz,Ramseier,Süderen,,,,,,,,,,https://esv.ch/pics/schwinger/large/_ALO7920.jpg,BKSV,Emmental,26,0,2,1,23,1,https://esv.ch/schwingerportraets/Ramseier_Fritz_Suederen.pdf
156,Marco,Reichmuth,Uffikon,,,,,,,,,,https://esv.ch/pics/schwinger/large/ISV_Reichmurth_Marco_620366.jpg,ISV,Zug,27,0,4,4,19,2,https://esv.ch/schwingerportraets/Reichmuth_Marco_Cham.pdf
157,Pirmin,Reichmuth,Muotathal,,,,,,,,,,https://esv.ch/pics/schwinger/large/ISV_Reichmurth_Pirmin_620376.jpg,ISV,Zug,35,3,5,9,18,3,https://esv.ch/schwingerportraets/Reichmuth_Pirmin_Steinen.pdf
158,Roland,Reichmuth,Cham,,,,,,,,,,https://esv.ch/pics/schwinger/large/ISV_Reichmurth_Roland_620346.jpg,ISV,Zug,16,0,1,0,15,3,https://esv.ch/schwingerportraets/Reichmuth_Roland_Cham.pdf
159,Lukas,Renfer,Liebefeld,,,,,,,,,,https://esv.ch/pics/schwinger/large/_ALO7948.jpg,BKSV,Mittelland,28,0,3,2,23,1,https://esv.ch/schwingerportraets/Renfer_Lukas_Walperswil.pdf
160,Leon,Riebli,Neuenkirch,,,,,,,,,,https://esv.ch/pics/schwinger/large/Leon-Riebli.jpg,ISV,Luzern,4,0,0,0,4,1,https://esv.ch/schwingerportraets/Riebli_Leon_Schuepfheim.pdf
161,Matteo,Riedweg,Escholzmatt,,,,,,,,,,,ISV,Luzern,1,0,0,0,1,1,https://esv.ch/schwingerportraets/Riedweg_Matteo_Escholzmatt.pdf
162,Florian,Riget,Schänis,,,,,,,,,,https://esv.ch/pics/schwinger/large/220813-12-15-55_DSC_7943.jpg,NOSV,St. Gallen,16,0,3,0,13,2,https://esv.ch/schwingerportraets/Riget_Florian_Schaenis.pdf
163,Jérôme,Rohrbach,Seewen SO,,,,,,,,,,https://esv.ch/pics/schwinger/large/jerome_3a.jpg,NWSV,Solothurn,2,0,0,0,2,1,https://esv.ch/schwingerportraets/Rohrbach_Jerome_Roeschenz.pdf
164,Ueli,Rohrer,Flüeli-Ranft,,,,,,,,,,https://esv.ch/pics/schwinger/large/ISV_Rohrer_Ueli_620293.jpg,ISV,Ob- und Nidwalden,26,0,4,4,18,2,https://esv.ch/schwingerportraets/Rohrer_Ueli_Flueeli-Ranft.pdf
165,Ruedi,Roschi,Oey,,,,,,,,,,https://esv.ch/pics/schwinger/large/_ALO7576.jpg,BKSV,Oberland,56,0,7,6,43,1,https://esv.ch/schwingerportraets/Roschi_Ruedi_Oey.pdf
166,Lars,Rotach,Ganterschwil,,,,,,,,,,https://esv.ch/pics/schwinger/large/240824-09-16-42_DSC_4371.jpg,NOSV,St. Gallen,11,0,1,0,10,1,https://esv.ch/schwingerportraets/Rotach_Lars_Ulisbach.pdf
167,Dominik,Roth,Biberist,,,,,,,,,,https://esv.ch/pics/schwinger/large/_ALO8065.jpg,BKSV,Seeland,35,0,3,2,30,1,https://esv.ch/schwingerportraets/Roth_Dominik_Meikirch.pdf
168,Jan,Roth,Erlinsbach,,,,,,,,,,https://esv.ch/pics/schwinger/large/Roth_Jan_AG_KOE2882.JPG,NWSV,Aargau,10,0,3,0,7,1,https://esv.ch/schwingerportraets/Roth_Jan_Erlinsbach.pdf
169,Martin,Roth,Herisau,,,,,,,,,,https://esv.ch/pics/schwinger/large/240824-09-37-54_DSC_4434.jpg,NOSV,Appenzell,37,2,4,4,27,1,https://esv.ch/schwingerportraets/Roth_Martin_Waldstatt.pdf
170,Tim,Roth,Erlinsbach,,,,,,,,,,https://esv.ch/pics/schwinger/large/Roth_Tim_AG__KOE2878.JPG,NWSV,Aargau,15,0,1,2,12,3,https://esv.ch/schwingerportraets/Roth_Tim_Erlinsbach.pdf
171,Pascal,Röthlin,Sachseln,,,,,,,,,,,ISV,Ob- und Nidwalden,3,0,0,0,3,1,https://esv.ch/schwingerportraets/Roethlin_Pascal_Sachseln.pdf
172,Patrick,Rüegg,Rikon im Tösstal,,,,,,,,,,,NOSV,Zürich,2,0,0,0,2,1,https://esv.ch/schwingerportraets/Rueegg_Patrick_Rikon_im_Toesstal.pdf
173,Levin,Rüfenacht,Schwarzenegg,,,,,,,,,,,BKSV,Oberland,1,0,0,0,1,1,https://esv.ch/schwingerportraets/Ruefenacht_Levin_Schwarzenegg.pdf
174,Patrick,Schenk,Weier im Emmental,,,,,,,,,,https://esv.ch/pics/schwinger/large/Schenk-Patrick0673_V1_HR.jpg,BKSV,Emmental,45,2,6,3,34,1,https://esv.ch/schwingerportraets/Schenk_Patrick_Koppigen.pdf
175,Niklaus,Scherer,Escholzmatt,,,,,,,,,,https://zksv.esv.ch/pics/schwinger/large/Niklaus_Scherer.jpg,ISV,Luzern,8,0,2,0,6,1,https://zksv.esv.ch/schwingerportraets/Scherer_Niklaus_Escholzmatt_LU.pdf
176,Fabian,Scherrer,Uffikon,,,,,,,,,,,ISV,Luzern,17,0,2,1,14,3,https://esv.ch/schwingerportraets/Scherrer_Fabian_Uffikon.pdf
177,David,Scheuner,Oberlangenegg,,,,,,,,,,https://esv.ch/pics/schwinger/large/_ALO7515.jpg,BKSV,Oberland,3,0,0,0,3,1,https://esv.ch/schwingerportraets/Scheuner_David_Oberlangenegg.pdf
178,Janis,Schick,Bennwil,,,,,,,,,,https://esv.ch/pics/schwinger/large/Schick_Janis_2023.JPG,NWSV,Baselland,2,0,0,0,2,1,https://esv.ch/schwingerportraets/Schick_Janis_Bennwil.pdf
179,Hugo,Schläfli,Posieux,,,,,,,,,,https://esv.ch/pics/schwinger/large/IMG_1002.jpg,SWSV,Fribourgeoise,8,0,2,0,6,2,https://esv.ch/schwingerportraets/Schlaefli_Hugo_Posieux.pdf
180,Reto,Schlegel,Flums,,,,,,,,,,https://esv.ch/pics/schwinger/large/LOWRES_Schlegel_Reto_CG19-04-20CG19-04-20_DSF4082S.jpg,NOSV,St. Gallen,11,0,0,0,11,1,https://esv.ch/schwingerportraets/Schlegel_Reto_Flumserberg.pdf
181,Gian,Schmid,Lüchingen,,,,,,,,,,,NOSV,St. Gallen,4,0,0,0,4,1,https://esv.ch/schwingerportraets/Schmid_Gian_Luechingen.pdf
182,Samuel,Schmid,Wittnau,,,,,,,,,,https://esv.ch/pics/schwinger/large/Schmid_Samuel_AG__KOE2885.JPG,NWSV,Aargau,27,0,5,0,22,2,https://esv.ch/schwingerportraets/Schmid_Samuel_Wittnau.pdf
183,André,Schmidli,Rain,,,,,,,,,,,ISV,Luzern,1,0,0,0,1,1,https://esv.ch/fr/portraits_des_lutteurs/Schmidli_Andre_Neuenkirch.pdf
184,Simon,Schmutz,Langenbruck,,,,,,,,,,https://esv.ch/pics/schwinger/large/Portait_Schmutz_Simon.jpg,ISV,Luzern,12,0,2,0,10,2,https://esv.ch/schwingerportraets/Schmutz_Simon_Langenbruck.pdf
185,Domenic,Schneider,Friltschen,,,,,,,,,,https://esv.ch/pics/schwinger/large/240824-09-27-32_DSC_4410.jpg,NOSV,Thurgau,87,3,15,19,50,3,https://esv.ch/schwingerportraets/Schneider_Domenic_Friltschen.pdf
186,Mario,Schneider,Rothenhausen,,,,,,,,,,https://esv.ch/pics/schwinger/large/240824-09-17-32_DSC_4373.jpg,NOSV,Thurgau,75,0,14,10,51,3,https://esv.ch/schwingerportraets/Schneider_Mario_Schoenenberg_an_der_Thur.pdf
187,Aaron,Schönholzer,Schönholzerswilen,,,,,,,,,,https://esv.ch/pics/schwinger/large/240816-17-58-14_DSC_0670.jpg,NOSV,Thurgau,2,0,0,0,2,1,https://esv.ch/schwingerportraets/Schoenholzer_Aaron_Schoenholzerswilen.pdf
188,Ronny,Schöpfer,Escholzmatt,,,,,,,,,,https://esv.ch/pics/schwinger/large/ISV_Schoepfer_Ronny_620030.jpg,ISV,Luzern,17,0,2,2,13,1,https://esv.ch/schwingerportraets/Schoepfer_Ronny_Wiggen.pdf
189,Raphael,Schreiber,Mägenwil,,,,,,,,,,,NWSV,Aargau,1,0,0,0,1,1,https://esv.ch/schwingerportraets/Schreiber_Raphael_Maegenwil.pdf
190,Christian,Schuler,Rothenthurm,,,,,,,,,,https://esv.ch/pics/schwinger/large/ISV_Schuler_Christian_619612.jpg,ISV,Schwyz,120,5,23,37,55,3,https://esv.ch/schwingerportraets/Schuler_Christian_Rothenthurm.pdf
191,Martin,Schuler,Wädenswil,,,,,,,,,,,NOSV,Zürich,6,0,1,0,5,1,https://esv.ch/schwingerportraets/Schuler_Martin_Waedenswil_ZH.pdf
192,Bruno,Schürpf,Schwyz,,,,,,,,,,https://esv.ch/pics/schwinger/large/ISV_Schuerpf_Bruno_619375.jpg,ISV,Schwyz,10,0,1,0,9,1,https://esv.ch/schwingerportraets/Schuerpf_Bruno_Schwyz.pdf
193,Sven,Schurtenberger,Grosswangen,,,,,,,,,,https://esv.ch/pics/schwinger/large/ISV_Schurtenberger_Sven_619971.jpg,ISV,Luzern,77,3,18,22,34,1,https://esv.ch/schwingerportraets/Schurtenberger_Sven_Buttisholz.pdf
194,Severin,Schwander,Riggisberg,,,,,,,,,,https://esv.ch/pics/schwinger/large/_ALO7612.jpg,BKSV,Mittelland,26,1,2,2,21,2,https://esv.ch/schwingerportraets/Schwander_Severin_Riggisberg.pdf
195,Dominik,Schwegler,Auenstein,,,,,,,,,,https://nosv.esv.ch/pics/schwinger/large/Schwegler_Dominik_AG__KOE2876.JPG,NWSV,Aargau,8,0,0,0,8,3,https://nosv.esv.ch/schwingerportraets/Schwegler_Dominik_Gebenstorf.pdf
196,Samuel,Schwyzer,Grosswangen,,,,,,,,,,https://esv.ch/pics/schwinger/large/R5_17518.jpg,ISV,Luzern,17,0,3,2,12,3,https://esv.ch/schwingerportraets/Schweizer_Samuel_Grosswangen.pdf
197,Leo,Siegenthaler,Jeuss,,,,,,,,,,,SWSV,Fribourgeoise,4,0,1,0,3,1,https://esv.ch/schwingerportraets/Siegenthaler_Leo_Jeuss.pdf
198,Andy,Signer,Wittenbach,,,,,,,,,,https://esv.ch/pics/schwinger/large/240824-09-22-21_DSC_4388.jpg,NOSV,St. Gallen,11,0,2,0,9,1,https://esv.ch/schwingerportraets/Signer_Andy_Wittenbach.pdf
199,Martin,Sommer,Häusernmoos im Emmental,,,,,,,,,,,BKSV,Emmental,7,0,0,0,7,1,https://esv.ch/schwingerportraets/Sommer_Martin_Haeusernmoos_im_Emmental.pdf
200,Fabian,Staudenmann,Guggisberg,,,,,,,,,,https://esv.ch/pics/schwinger/large/_ALO7693.jpg,BKSV,Mittelland,57,2,9,16,30,2,https://esv.ch/schwingerportraets/Staudenmann_Fabian_Guggisberg.pdf
201,Valentin,Steffen,Grünen,,,,,,,,,,https://esv.ch/pics/schwinger/large/_ALO7765.jpg,BKSV,Emmental,11,0,0,0,11,1,https://esv.ch/schwingerportraets/Steffen_Valentin_Gruenen.pdf
202,Elia,Steiger,Büron,,,,,,,,,,,ISV,Luzern,1,0,0,0,1,1,https://esv.ch/schwingerportraets/Steiger_Elia_Bueron.pdf
203,Adrian,Steinauer,Vorderthal,,,,,,,,,,https://esv.ch/pics/schwinger/large/ISV_Steinauer_Adrian_619515.jpg,ISV,Schwyz,40,0,9,6,25,2,https://esv.ch/schwingerportraets/Steinauer_Adrian_Willerzell.pdf
204,Simon,Stoll,Mümliswil,,,,,,,,,,https://esv.ch/pics/schwinger/large/Stoll-Simon_0150_V1_HR.jpg,NWSV,Solothurn,9,0,2,0,7,2,https://esv.ch/schwingerportraets/Stoll_Simon_Muemliswil.pdf
205,Thomas,Stoll,Kerzers,,,,,,,,,,,SWSV,Fribourgeoise,6,0,1,0,5,1,https://esv.ch/schwingerportraets/Stoll_Thomas_Duedingen.pdf
206,Simon,Stucki,Horboden,,,,,,,,,,,BKSV,Oberland,3,0,0,0,3,1,https://esv.ch/schwingerportraets/Stucki_Simon_Horboden.pdf
207,Robin,Studinger,Däniken SO,,,,,,,,,,,NWSV,Aargau,1,0,0,0,1,1,https://esv.ch/documents/ranglisten/2025-05-25_Fruehjahrschwinget_Suhr2-RL.pdf
208,Beat,Suter,Walchwil,,,,,,,,,,https://esv.ch/pics/schwinger/large/ISV_Suter_Beat_620454.jpg,ISV,Zug,4,0,0,0,4,2,https://esv.ch/schwingerportraets/Suter_Beat_Allenwinden.pdf
209,Bruno,Suter,Rickenbach,,,,,,,,,,,ISV,Schwyz,7,0,0,0,7,1,https://esv.ch/schwingerportraets/Suter_Bruno_Rickenbach_b_Schwyz_SZ.pdf
210,Joel,Suter,Hünenberg,,,,,,,,,,,ISV,Zug,3,0,0,0,3,2,https://esv.ch/schwingerportraets/Suter_Joel_Huenenberg.pdf
211,Pirmin,Suter,Emmen,,,,,,,,,,,ISV,Schwyz,7,0,1,0,6,1,https://esv.ch/schwingerportraets/Suter_Pirmin_Oberarth.pdf
212,Adrian,Thalmann,Flühli LU,,,,,,,,,,,ISV,Luzern,2,0,0,0,2,1,https://esv.ch/schwingerportraets/Thalmann_Adrian_Fluehli_LU.pdf
213,Nils,Theiler,Emmenbrücke,,,,,,,,,,,ISV,Luzern,3,0,0,0,3,2,https://esv.ch/schwingerportraets/Theiler_Nils_Emmenbruecke.pdf
214,Marco,Thierstein,Ballwil,,,,,,,,,,https://esv.ch/pics/schwinger/large/ISV_Thierstein_Marco_619822.jpg,ISV,Luzern,7,0,0,0,7,2,https://esv.ch/schwingerportraets/Thierstein_Marco_Hochdorf.pdf
215,Paul,Tornare,Botterens,,,,,,,,,,,SWSV,Fribourgeoise,11,0,2,0,9,2,https://esv.ch/schwingerportraets/Tornare_Paul_Botterens.pdf
216,Silvan,Trittibach,Diemtigen,,,,,,,,,,,BKSV,Oberland,5,0,1,0,4,1,https://esv.ch/schwingerportraets/Trittibach_Silvan_Diemtigen.pdf
217,Jonas,Troxler,Urswil,,,,,,,,,,https://esv.ch/pics/schwinger/large/ISV_Troxler_Jonas_619811.jpg,ISV,Luzern,11,0,1,0,10,2,https://esv.ch/schwingerportraets/Troxler_Jonas_Urswil.pdf
218,Sales,Tschudi,Matt,,,,,,,,,,https://esv.ch/pics/schwinger/large/240816-17-47-55_DSC_0626.jpg,NOSV,Glarus,1,0,0,0,1,1,https://esv.ch/schwingerportraets/Tschudi_Sales_Matt.pdf
219,Lukas,Tschumi,Wolfisberg,,,,,,,,,,https://esv.ch/pics/schwinger/large/_ALO7477.jpg,BKSV,Oberaargau,11,0,0,0,11,1,https://esv.ch/schwingerportraets/Tschumi_Lukas_Wolfisberg.pdf
220,Marcel,Tugulea,Stalden,,,,,,,,,,,SWSV,Valaisanne,5,0,1,0,4,1,https://esv.ch/schwingerportraets/Tugulea_Marcel_Stalden.pdf
221,Fabian,Ulmann,Montlingen,,,,,,,,,,https://esv.ch/pics/schwinger/large/SH_Kranz_2021_Fabian_Ulmann.jpg,NOSV,St. Gallen,8,0,0,0,8,1,https://esv.ch/schwingerportraets/Ulmann_Fabian_Montlingen.pdf
222,Florian,Ulrich,Steinen,,,,,,,,,,https://esv.ch/pics/schwinger/large/Ulrich_Florian_1990.jpg,ISV,Zug,10,0,1,0,9,2,https://esv.ch/schwingerportraets/Ulrich_Florian_Steinen.pdf
223,Marco,Ulrich,Gersau,,,,,,,,,,,ISV,Schwyz,10,0,2,1,7,1,https://esv.ch/schwingerportraets/Ulrich_Marco_Gersau_SZ.pdf
224,Noe,Van Messel,Oberägeri,,,,,,,,,,https://esv.ch/pics/schwinger/large/ISV_Van_Messel_Noe_620538.jpg,ISV,Zug,15,0,3,3,9,3,https://esv.ch/schwingerportraets/Van_Messel_Noe_Oberaegeri.pdf
225,Remo,Vogel,Hasle LU,,,,,,,,,,https://esv.ch/pics/schwinger/large/ISV_Vogel_Remo_8448814.jpg,ISV,Luzern,19,0,3,1,15,1,https://esv.ch/schwingerportraets/Vogel_Remo_Hasle_LU.pdf
226,Luca,Vögeli,Wilderswil,,,,,,,,,,https://esv.ch/pics/schwinger/large/2024-08-03_122201.jpg,BKSV,Oberland,5,0,1,1,3,1,https://esv.ch/schwingerportraets/Voegeli_Luca_Wilderswil.pdf
227,Lars,Voggensperger,Schönenbuch,,,,,,,,,,https://esv.ch/pics/schwinger/large/Voggensperger_Lars_BL.JPG,NWSV,Baselland,23,1,2,3,17,3,https://esv.ch/schwingerportraets/Voggensperger_Lars_Schoenenbuch.pdf
228,Jeremy,Vollenweider,Beringen,,,,,,,,,,https://esv.ch/pics/schwinger/large/240824-09-27-59_DSC_4411.jpg,NOSV,Schaffhausen,27,0,4,0,23,2,https://esv.ch/schwingerportraets/Vollenweider_Jeremy_Beringen.pdf
229,Lukas,von Euw,Ingenbohl,,,,,,,,,,,ISV,Schwyz,10,0,1,0,9,2,https://esv.ch/schwingerportraets/von_Euw_Lukas_Ingenbohl.pdf
230,Carlo,von Rickenbach,Hasle LU,,,,,,,,,,,ISV,Luzern,3,0,0,0,3,2,https://esv.ch/schwingerportraets/von_Rickenbach_Carlo_Hasle_LU.pdf
231,Kilian,von Weissenfluh,Hasliberg Hohfluh,,,,,,,,,,https://esv.ch/pics/schwinger/large/von-Weissenfluh-Kilian0600_V1_HR.jpg,BKSV,Oberland,50,1,9,10,30,2,https://esv.ch/schwingerportraets/von_Weissenfluh_Kilian_Hasliberg_Hohfluh.pdf
232,Marco,Waeber,Gurmels,,,,,,,,,,,BKSV,Mittelland,1,0,0,0,1,1,https://esv.ch/schwingerportraets/Waeber_Marco_Gurmels.pdf
233,Adrian,Walther,Habstetten,,,,,,,,,,https://zksv.esv.ch/pics/schwinger/large/_ALO7772.jpg,BKSV,Mittelland,40,1,7,11,21,2,https://zksv.esv.ch/schwingerportraets/Walther_Adrian_Ittigen.pdf
234,Reto,Walther,Habstetten,,,,,,,,,,,BKSV,Mittelland,1,0,0,0,1,1,https://nosv.esv.ch/documents/ranglisten/zs2/2025-05-25_Seelaendisches_Schwingfest-RL.pdf
235,Christoph,Waser,Beckenried,,,,,,,,,,,ISV,Ob- und Nidwalden,7,0,1,0,6,2,https://esv.ch/schwingerportraets/Waser_Christof_Beckenried_NW.pdf
236,Kevin,Waser,Gettnau,,,,,,,,,,,ISV,Luzern,2,0,0,0,2,1,https://esv.ch/schwingerportraets/Waser_Kevin_Gettnau.pdf
237,Manuel,Weber,Pfäffikon ZH,,,,,,,,,,https://esv.ch/pics/schwinger/large/5bdce7_afd4a228b4474437b0eaeb66a6fcfd07_mv2.jpg,NOSV,St. Gallen,2,0,0,0,2,1,https://esv.ch/schwingerportraets/Luethi_Manuel_Pfaeffikon_ZH2.pdf
238,Nicola,Wey,Stäfa,,,,,,,,,,https://esv.ch/pics/schwinger/large/240824-09-31-16_DSC_4419.jpg,NOSV,Zürich,21,0,3,0,18,1,https://esv.ch/schwingerportraets/Wey_Nicola_Staefa.pdf
239,Joel,Wicki,Sörenberg,,,,,,,,,,https://esv.ch/pics/schwinger/large/ISV_Wicki_Joel_619629.jpg,ISV,Luzern,71,2,13,21,35,2,https://esv.ch/schwingerportraets/Wicki_Joel_Soerenberg.pdf
240,Patrick,Wicki,Luzern,,,,,,,,,,,ISV,Luzern,1,0,0,0,1,1,https://esv.ch/schwingerportraets/Wicki_Patrick_Wolhusen.pdf
241,Thomas,Widmer,Cham,,,,,,,,,,,ISV,Zug,1,0,0,0,1,1,https://esv.ch/schwingerportraets/Widmer_Thomas_Cham.pdf
242,Janis,Wieland,Galmiz,,,,,,,,,,,SWSV,Fribourgeoise,8,0,1,0,7,1,https://esv.ch/schwingerportraets/Wieland_Janis_Galmiz.pdf
243,Roman,Wittenwiler,Schwellbrunn,,,,,,,,,,https://esv.ch/pics/schwinger/large/240824-09-38-38_DSC_4436.jpg,NOSV,Appenzell,12,0,1,0,11,2,https://esv.ch/schwingerportraets/Wittenwiler_Roman_Schwellbrunn_AR.pdf
244,Jan,Wittwer,Faulensee,,,,,,,,,,https://esv.ch/pics/schwinger/large/_ALO7715.jpg,BKSV,Oberland,29,0,2,4,23,1,https://esv.ch/schwingerportraets/Wittwer_Jan_Faulensee.pdf
245,Raphael,Wolf,Ried b. Kerzers,,,,,,,,,,,SWSV,Fribourgeoise,1,0,0,0,1,1,https://esv.ch/schwingerportraets/Wolf_Raphael_Ried_b_Kerzers.pdf
246,Jonas,Wüthrich,Waltenschwil,,,,,,,,,,https://esv.ch/pics/schwinger/large/JENN6092_BS_OJE__Neukranzer__Wuthrich_Jonas.jpg,NWSV,Aargau,2,0,0,0,2,1,https://esv.ch/schwingerportraets/Wuethrich_Jonas_Waltenschwil.pdf
247,Sven,Wyss,Römerswil LU,,,,,,,,,,,ISV,Luzern,2,0,0,0,2,1,https://esv.ch/schwingerportraets/Wyss_Sven_Roemerswil_LU.pdf
248,Dominik,Zangger,Wolhusen,,,,,,,,,,https://esv.ch/pics/schwinger/large/_ALO7964.jpg,ISV,Luzern,16,0,0,0,16,2,https://esv.ch/schwingerportraets/Zangger_Dominik_Ufhusen.pdf
249,Lars,Zaugg,Aeschau,,,,,,,,,,https://esv.ch/pics/schwinger/large/_ALO7405.jpg,BKSV,Emmental,20,0,2,5,13,1,https://esv.ch/schwingerportraets/Zaugg_Lars_Aeschau.pdf
250,Silvan,Zbinden,St. Silvester,,,,,,,,,,,SWSV,Fribourgeoise,4,0,0,0,4,1,https://esv.ch/schwingerportraets/Zbinden_Silvan_St_Silvester.pdf
251,Christian,Zemp,Kerns,,,,,,,,,,,ISV,Ob- und Nidwalden,6,0,0,0,6,3,https://esv.ch/schwingerportraets/Zemp_Christian_Kerns.pdf
252,Andreas,Ziegler,Kaltbrunn,,,,,,,,,,https://esv.ch/pics/schwinger/large/5bdce7_064215fdedcc48779a11e2dafd02b6e7_mv2.jpg,NOSV,St. Gallen,1,0,0,0,1,1,https://esv.ch/schwingerportraets/Ziegler_Andreas_Kaltbrunn.pdf
253,Nicolas,Zimmermann,Riggisberg,,,,,,,,,,,BKSV,Mittelland,6,0,0,0,6,1,https://esv.ch/schwingerportraets/Zimmermann_Nicolas_Riggisberg.pdf
254,Benjamin,Züger,Wangen SZ,,,,,,,,,,,ISV,Schwyz,5,0,0,0,5,1,https://esv.ch/schwingerportraets/Zueger_Benjamin_Wangen_SZ.pdf
255,Michael,Zurfluh,Attinghausen,,,,,,,,,,https://esv.ch/pics/schwinger/large/ISV_Zurfluh_Michael_620499.jpg,ISV,Uri,18,0,2,0,16,2,https://esv.ch/schwingerportraets/Zurfluh_Michael_Attinghausen.pdf
256,Roman,Zurfluh,Muri AG,,,,,,,,,,https://esv.ch/pics/schwinger/large/ISV_Zurfluh_Roman_619789.jpg,ISV,Luzern,17,0,2,0,15,2,https://esv.ch/schwingerportraets/Zurfluh_Roman_Muehlau.pdf
